name,typ,quelle_url,webseite,bundesland
Ahlsdorf,Gemeinde,https://de.wikipedia.org/wiki/Ahlsdorf,https://www.verwaltungsamt-helbra.de/gemeinden/ahlsdorf/,Sachsen-Anhalt
Aken (Elbe),Stadt,https://de.wikipedia.org/wiki/Aken_(Elbe),https://www.aken.de/,Sachsen-Anhalt
Aland,Gemeinde,https://de.wikipedia.org/wiki/Aland_(Altmark),https://www.seehausen-altmark.de/service-verwaltung/gemeinden-politik/mitgliedsgemeinden/gemeinde-aland/,Sachsen-Anhalt
Allstedt,Stadt,https://de.wikipedia.org/wiki/Allstedt,https://allstedt.de/,Sachsen-Anhalt
Alsleben (Saale),Stadt,https://de.wikipedia.org/wiki/Alsleben_(Saale),https://www.alsleben-saale-online.de/,Sachsen-Anhalt
Altenhausen,Gemeinde,https://de.wikipedia.org/wiki/Altenhausen,https://www.vg-flechtingen.de/rathaus/verbandsgemeinde/mitgliedsgemeinden/altenhausen,Sachsen-Anhalt
Altmärkische Höhe,Gemeinde,https://de.wikipedia.org/wiki/Altmärkische_Höhe,https://www.seehausen-altmark.de/content-pages/verwaltung-wirtschaft/mitgliedsgemeinden/altmaerkische-hoehe/,Sachsen-Anhalt
Altmärkische Wische,Gemeinde,https://de.wikipedia.org/wiki/Altmärkische_Wische,https://www.seehausen-altmark.de/content-pages/verwaltung-wirtschaft/mitgliedsgemeinden/altmaerkische-wische/,Sachsen-Anhalt
Am Großen Bruch,Gemeinde,https://de.wikipedia.org/wiki/Am_Großen_Bruch,https://www.westlicheboerde.de/B%C3%BCrger-Gemeinde/Verbandsgemeinde/Gemeinde-Am-Gro%C3%9Fen-Bruch/,Sachsen-Anhalt
An der Poststraße,Gemeinde,https://de.wikipedia.org/wiki/An_der_Poststraße,https://www.vgem-finne.de/webNC/de/content/content.php?areaID=4&menuID=1&active_menu=1&vhm=&area=Gemeinden&menu=Gemeinde%20An%20der%20Poststra%DFe&content=,Sachsen-Anhalt
Angern,Gemeinde,https://de.wikipedia.org/wiki/Angern,https://www.gemeindeangern.de/,Sachsen-Anhalt
Annaburg,Stadt,https://de.wikipedia.org/wiki/Annaburg,https://annaburg.info/,Sachsen-Anhalt
Apenburg-Winterfeld,Gemeinde,https://de.wikipedia.org/wiki/Apenburg-Winterfeld,https://flecken-apenburg-winterfeld.de/,Sachsen-Anhalt
Arendsee (Altmark),Stadt,https://de.wikipedia.org/wiki/Arendsee_(Altmark),https://arendsee.info/,Sachsen-Anhalt
Arneburg,Stadt,https://de.wikipedia.org/wiki/Arneburg,https://www.stadt-arneburg.de/,Sachsen-Anhalt
Arnstein,Stadt,https://de.wikipedia.org/wiki/Arnstein_(Sachsen-Anhalt),https://www.arnstein-harz.de/,Sachsen-Anhalt
Aschersleben,Stadt,https://de.wikipedia.org/wiki/Aschersleben,https://www.aschersleben.de/,Sachsen-Anhalt
Ausleben,Gemeinde,https://de.wikipedia.org/wiki/Ausleben,https://www.westlicheboerde.de/B%C3%BCrger-Gemeinde/Verbandsgemeinde/Gemeinde-Ausleben/,Sachsen-Anhalt
Bad Bibra,Stadt,https://de.wikipedia.org/wiki/Bad_Bibra,https://www.vgem-finne.de/webNC/de/content/content.php?areaID=4&menuID=2&active_menu=2&vhm=&area=Gemeinden&menu=Stadt%20Bad%20Bibra&content=,Sachsen-Anhalt
Bad Dürrenberg,Stadt,https://de.wikipedia.org/wiki/Bad_Dürrenberg,https://www.badduerrenberg.de/,Sachsen-Anhalt
Bad Lauchstädt,Stadt,https://de.wikipedia.org/wiki/Bad_Lauchstädt,https://www.goethestadt-bad-lauchstaedt.de/,Sachsen-Anhalt
Bad Schmiedeberg,Stadt,https://de.wikipedia.org/wiki/Bad_Schmiedeberg,https://www.bad-schmiedeberg.de/,Sachsen-Anhalt
Balgstädt,Gemeinde,https://de.wikipedia.org/wiki/Balgstädt,https://www.verbgem-unstruttal.de/de/gemeinde-balgstaedt.html,Sachsen-Anhalt
Ballenstedt,Stadt,https://de.wikipedia.org/wiki/Ballenstedt,https://www.ballenstedt.de/,Sachsen-Anhalt
Barby,Stadt,https://de.wikipedia.org/wiki/Barby,https://www.stadt-barby.de/,Sachsen-Anhalt
Barleben,Gemeinde,https://de.wikipedia.org/wiki/Barleben,https://www.barleben.de/,Sachsen-Anhalt
Barnstädt,Gemeinde,https://de.wikipedia.org/wiki/Barnstädt,https://www.weida-land.de/de/gemeinde-barnstaedt.html,Sachsen-Anhalt
Beendorf,Gemeinde,https://de.wikipedia.org/wiki/Beendorf,https://beendorf.com/,Sachsen-Anhalt
Beetzendorf,Gemeinde,https://de.wikipedia.org/wiki/Beetzendorf,https://www.beetzendorf.net/,Sachsen-Anhalt
Benndorf,Gemeinde,https://de.wikipedia.org/wiki/Benndorf,https://www.verwaltungsamt-helbra.de/gemeinden/benndorf/,Sachsen-Anhalt
Berga (Kyffhäuser),Gemeinde,https://de.wikipedia.org/wiki/Berga_(Kyffhäuser),https://www.vwg-goldene-aue.de/verzeichnis/objekt.php?mandat=38146,Sachsen-Anhalt
Bernburg (Saale),Stadt,https://de.wikipedia.org/wiki/Bernburg_(Saale),https://www.bernburg.de/,Sachsen-Anhalt
Biederitz,Gemeinde,https://de.wikipedia.org/wiki/Biederitz,https://www.gemeinde-biederitz.de/,Sachsen-Anhalt
Bismark (Altmark),Stadt,https://de.wikipedia.org/wiki/Bismark_(Altmark),https://www.stadt-bismark.de/,Sachsen-Anhalt
Bitterfeld-Wolfen,Stadt,https://de.wikipedia.org/wiki/Bitterfeld-Wolfen,https://www.bitterfeld-wolfen.de/,Sachsen-Anhalt
Blankenburg (Harz),Stadt,https://de.wikipedia.org/wiki/Blankenburg_(Harz),https://www.blankenburg.de/,Sachsen-Anhalt
Blankenheim,Gemeinde,https://de.wikipedia.org/wiki/Blankenheim_(Landkreis_Mansfeld-Südharz),https://www.verwaltungsamt-helbra.de/gemeinden/blankenheim/,Sachsen-Anhalt
Borne,Gemeinde,https://de.wikipedia.org/wiki/Borne_(bei_Staßfurt),https://www.borne-slk.de/,Sachsen-Anhalt
Bornstedt,Gemeinde,https://de.wikipedia.org/wiki/Bornstedt_(bei_Eisleben),https://www.verwaltungsamt-helbra.de/gemeinden/bornstedt/,Sachsen-Anhalt
Braunsbedra,Stadt,https://de.wikipedia.org/wiki/Braunsbedra,https://www.braunsbedra.de/,Sachsen-Anhalt
Brücken-Hackpfüffel,Gemeinde,https://de.wikipedia.org/wiki/Brücken-Hackpfüffel,http://www.bruecken-hackpfueffel.de/,Sachsen-Anhalt
Burg,Stadt,https://de.wikipedia.org/wiki/Burg_(bei_Magdeburg),https://www.stadtburg.info/,Sachsen-Anhalt
Burgstall,Gemeinde,https://de.wikipedia.org/wiki/Burgstall_(Landkreis_Börde),https://www.elbe-heide.de/verzeichnis/objekt.php?mandat=80852,Sachsen-Anhalt
Börde-Hakel,Gemeinde,https://de.wikipedia.org/wiki/Börde-Hakel,https://www.gemeinde-boerdehakel.de/,Sachsen-Anhalt
Bördeaue,Gemeinde,https://de.wikipedia.org/wiki/Bördeaue,https://www.gemeinde-boerdeaue.de/,Sachsen-Anhalt
Bördeland,Gemeinde,https://de.wikipedia.org/wiki/Bördeland,https://www.gem-boerdeland.de/,Sachsen-Anhalt
Bülstringen,Gemeinde,https://de.wikipedia.org/wiki/Bülstringen,https://www.gemeinde-buelstringen.de/,Sachsen-Anhalt
Calbe (Saale),Stadt,https://de.wikipedia.org/wiki/Calbe_(Saale),https://www.calbe.de/,Sachsen-Anhalt
Calvörde,Gemeinde,https://de.wikipedia.org/wiki/Calvörde,https://www.calvoerde.de/,Sachsen-Anhalt
Colbitz,Gemeinde,https://de.wikipedia.org/wiki/Colbitz,https://www.gemeinde-colbitz.de/,Sachsen-Anhalt
Coswig (Anhalt),Stadt,https://de.wikipedia.org/wiki/Coswig_(Anhalt),https://www.coswigonline.de/,Sachsen-Anhalt
Dessau-Roßlau,Kreisfreie Stadt,https://de.wikipedia.org/wiki/Dessau-Roßlau,https://verwaltung.dessau-rosslau.de/,Sachsen-Anhalt
Diesdorf,Gemeinde,https://de.wikipedia.org/wiki/Diesdorf,https://www.diesdorf.de/,Sachsen-Anhalt
Ditfurt,Gemeinde,https://de.wikipedia.org/wiki/Ditfurt,https://www.ditfurt.de/,Sachsen-Anhalt
Droyßig,Gemeinde,https://de.wikipedia.org/wiki/Droyßig,https://www.vgem-dzf.de/de/droyssig.html,Sachsen-Anhalt
Dähre,Gemeinde,https://de.wikipedia.org/wiki/Dähre,https://gemeinde-daehre.de/,Sachsen-Anhalt
Eckartsberga,Stadt,https://de.wikipedia.org/wiki/Eckartsberga,https://www.vgem-finne.de/webNC/de/content/content.php?areaID=4&menuID=3&active_menu=3&vhm=&area=Gemeinden&menu=Stadt%20Eckartsberga&content=,Sachsen-Anhalt
Edersleben,Gemeinde,https://de.wikipedia.org/wiki/Edersleben,https://www.vwg-goldene-aue.de/verzeichnis/objekt.php?mandat=38304,Sachsen-Anhalt
Egeln,Stadt,https://de.wikipedia.org/wiki/Egeln,https://www.egeln.info/,Sachsen-Anhalt
Eichstedt (Altmark),Gemeinde,https://de.wikipedia.org/wiki/Eichstedt_(Altmark),https://www.arneburg-goldbeck.de/leben-wohnen/staedte-und-gemeinden/eichstedt-altmark/,Sachsen-Anhalt
Eilsleben,Gemeinde,https://de.wikipedia.org/wiki/Eilsleben,https://www.gemeinde-eilsleben.de/,Sachsen-Anhalt
"Eisleben, Lutherstadt",Stadt,https://de.wikipedia.org/wiki/Lutherstadt_Eisleben,https://www.eisleben.eu/,Sachsen-Anhalt
Elbe-Parey,Gemeinde,https://de.wikipedia.org/wiki/Elbe-Parey,https://www.elbe-parey.de/,Sachsen-Anhalt
Elsteraue,Gemeinde,https://de.wikipedia.org/wiki/Elsteraue,https://www.gemeinde-elsteraue.de/,Sachsen-Anhalt
Erxleben,Gemeinde,https://de.wikipedia.org/wiki/Erxleben_(Landkreis_Börde),http://www.gemeinde-erxleben.de/,Sachsen-Anhalt
Falkenstein/Harz,Stadt,https://de.wikipedia.org/wiki/Falkenstein/Harz,https://www.falkenstein-harz.de/,Sachsen-Anhalt
Farnstädt,Gemeinde,https://de.wikipedia.org/wiki/Farnstädt,https://www.weida-land.de/de/gemeinde-farnstaedt.html,Sachsen-Anhalt
Finne,Gemeinde,https://de.wikipedia.org/wiki/Finne_(Gemeinde),https://www.vgem-finne.de/webNC/de/content/content.php?areaID=4&menuID=4&active_menu=4&vhm=&area=Gemeinden&menu=Gemeinde%20Finne&content=,Sachsen-Anhalt
Finneland,Gemeinde,https://de.wikipedia.org/wiki/Finneland,https://www.vgem-finne.de/webNC/de/content/content.php?areaID=4&menuID=5&active_menu=5&vhm=&area=Gemeinden&menu=Gemeinde%20Finneland&content=,Sachsen-Anhalt
Flechtingen,Gemeinde,https://de.wikipedia.org/wiki/Flechtingen,https://www.luftkurortflechtingen.de/,Sachsen-Anhalt
Freyburg (Unstrut),Stadt,https://de.wikipedia.org/wiki/Freyburg_(Unstrut),https://www.verbgem-unstruttal.de/de/stadt-freyburg.html,Sachsen-Anhalt
Gardelegen,Stadt,https://de.wikipedia.org/wiki/Gardelegen,https://www.gardelegen.de/,Sachsen-Anhalt
Genthin,Stadt,https://de.wikipedia.org/wiki/Genthin,https://www.stadt-genthin.de/,Sachsen-Anhalt
Gerbstedt,Stadt,https://de.wikipedia.org/wiki/Gerbstedt,https://www.stadt-gerbstedt.de/,Sachsen-Anhalt
Giersleben,Gemeinde,https://de.wikipedia.org/wiki/Giersleben,https://www.saale-wipper.de/de/mitgliedsgemeinde-gemeinde-giersleben.html,Sachsen-Anhalt
Gleina,Gemeinde,https://de.wikipedia.org/wiki/Gleina,https://www.verbgem-unstruttal.de/de/gemeinde-gleina.html,Sachsen-Anhalt
Goldbeck,Gemeinde,https://de.wikipedia.org/wiki/Goldbeck,https://www.arneburg-goldbeck.de/leben-wohnen/staedte-und-gemeinden/goldbeck/,Sachsen-Anhalt
Gommern,Stadt,https://de.wikipedia.org/wiki/Gommern,https://www.gommern.de/,Sachsen-Anhalt
Goseck,Gemeinde,https://de.wikipedia.org/wiki/Goseck,https://www.verbgem-unstruttal.de/de/gemeinde-goseck.html,Sachsen-Anhalt
Groß Quenstedt,Gemeinde,https://de.wikipedia.org/wiki/Groß_Quenstedt,https://www.vorharz.net/de/gross-quenstedt.html,Sachsen-Anhalt
Gräfenhainichen,Stadt,https://de.wikipedia.org/wiki/Gräfenhainichen,https://www.graefenhainichen.de/,Sachsen-Anhalt
Gröningen,Stadt,https://de.wikipedia.org/wiki/Gröningen,https://www.westlicheboerde.de/B%C3%BCrger-Gemeinde/Verbandsgemeinde/Stadt-Gr%C3%B6ningen/,Sachsen-Anhalt
Gutenborn,Gemeinde,https://de.wikipedia.org/wiki/Gutenborn,https://www.gutenborn.de/,Sachsen-Anhalt
Güsten,Stadt,https://de.wikipedia.org/wiki/Güsten,https://www.saale-wipper.de/de/mitgliedsgemeinde-stadt-guesten.html,Sachsen-Anhalt
Halberstadt,Stadt,https://de.wikipedia.org/wiki/Halberstadt,https://www.halberstadt.de/,Sachsen-Anhalt
Haldensleben,Stadt,https://de.wikipedia.org/wiki/Haldensleben,https://www.haldensleben.de/,Sachsen-Anhalt
Halle (Saale),Kreisfreie Stadt,https://de.wikipedia.org/wiki/Halle_(Saale),https://halle.de/,Sachsen-Anhalt
Harbke,Gemeinde,https://de.wikipedia.org/wiki/Harbke,http://www.gemeinde-harbke.de/,Sachsen-Anhalt
Harsleben,Gemeinde,https://de.wikipedia.org/wiki/Harsleben,https://www.vorharz.net/de/harsleben.html,Sachsen-Anhalt
Harzgerode,Stadt,https://de.wikipedia.org/wiki/Harzgerode,https://www.harzgerode.de/,Sachsen-Anhalt
Hassel,Gemeinde,https://de.wikipedia.org/wiki/Hassel_(Altmark),https://www.arneburg-goldbeck.de/leben-wohnen/staedte-und-gemeinden/hassel/,Sachsen-Anhalt
Havelberg,Stadt,https://de.wikipedia.org/wiki/Havelberg,https://www.havelberg.de/,Sachsen-Anhalt
Hecklingen,Stadt,https://de.wikipedia.org/wiki/Hecklingen,https://www.stadt-hecklingen.de/,Sachsen-Anhalt
Hedersleben,Gemeinde,https://de.wikipedia.org/wiki/Hedersleben,https://www.vorharz.net/de/hedersleben.html,Sachsen-Anhalt
Helbra,Gemeinde,https://de.wikipedia.org/wiki/Helbra,https://www.verwaltungsamt-helbra.de/gemeinden/helbra/,Sachsen-Anhalt
Hergisdorf,Gemeinde,https://de.wikipedia.org/wiki/Hergisdorf,https://www.verwaltungsamt-helbra.de/gemeinden/hergisdorf-2/,Sachsen-Anhalt
Hettstedt,Stadt,https://de.wikipedia.org/wiki/Hettstedt,https://www.hettstedt.de/,Sachsen-Anhalt
Hohe Börde,Gemeinde,https://de.wikipedia.org/wiki/Hohe_Börde,https://www.hoheboerde.de/,Sachsen-Anhalt
Hohenberg-Krusemark,Gemeinde,https://de.wikipedia.org/wiki/Hohenberg-Krusemark,https://www.arneburg-goldbeck.de/leben-wohnen/staedte-und-gemeinden/hohenberg-krusemark/,Sachsen-Anhalt
Hohenmölsen,Stadt,https://de.wikipedia.org/wiki/Hohenmölsen,https://www.stadt-hohenmoelsen.de/,Sachsen-Anhalt
Huy,Gemeinde,https://de.wikipedia.org/wiki/Huy_(Gemeinde),https://www.gemeindehuy.de/,Sachsen-Anhalt
Hötensleben,Gemeinde,https://de.wikipedia.org/wiki/Hötensleben,https://www.hoetensleben.de/,Sachsen-Anhalt
Iden,Gemeinde,https://de.wikipedia.org/wiki/Iden_(Altmark),https://www.arneburg-goldbeck.de/leben-wohnen/staedte-und-gemeinden/iden/,Sachsen-Anhalt
Ilberstedt,Gemeinde,https://de.wikipedia.org/wiki/Ilberstedt,https://www.saale-wipper.de/de/mitgliedsgemeinde-gemeinde-ilberstedt.html,Sachsen-Anhalt
Ilsenburg (Harz),Stadt,https://de.wikipedia.org/wiki/Ilsenburg_(Harz),https://www.stadt-ilsenburg.de/,Sachsen-Anhalt
Ingersleben,Gemeinde,https://de.wikipedia.org/wiki/Ingersleben,https://www.vg-flechtingen.de/rathaus/verbandsgemeinde/mitgliedsgemeinden/ingersleben,Sachsen-Anhalt
Jerichow,Stadt,https://de.wikipedia.org/wiki/Jerichow,https://www.stadt-jerichow.de/,Sachsen-Anhalt
Jessen (Elster),Stadt,https://de.wikipedia.org/wiki/Jessen_(Elster),https://www.jessen.de/,Sachsen-Anhalt
Jübar,Gemeinde,https://de.wikipedia.org/wiki/Jübar,https://www.juebar.eu/,Sachsen-Anhalt
Kabelsketal,Gemeinde,https://de.wikipedia.org/wiki/Kabelsketal,https://www.kabelsketal.de/,Sachsen-Anhalt
Kaiserpfalz,Gemeinde,https://de.wikipedia.org/wiki/Kaiserpfalz_(Gemeinde),https://www.vgem-finne.de/webNC/de/content/content.php?areaID=4&menuID=6&active_menu=6&vhm=&area=Gemeinden&menu=Gemeinde%20Kaiserpfalz&content=,Sachsen-Anhalt
Kalbe (Milde),Stadt,https://de.wikipedia.org/wiki/Kalbe_(Milde),https://www.stadt-kalbe-milde.de/,Sachsen-Anhalt
Kamern,Gemeinde,https://de.wikipedia.org/wiki/Kamern,https://www.kamern.com/,Sachsen-Anhalt
Karsdorf,Gemeinde,https://de.wikipedia.org/wiki/Karsdorf,http://www.karsdorf.de/,Sachsen-Anhalt
Kelbra (Kyffhäuser),Stadt,https://de.wikipedia.org/wiki/Kelbra_(Kyffhäuser),https://www.kelbra.de/,Sachsen-Anhalt
Kemberg,Stadt,https://de.wikipedia.org/wiki/Kemberg,https://www.stadt-kemberg.de/,Sachsen-Anhalt
Klietz,Gemeinde,https://de.wikipedia.org/wiki/Klietz,https://www.klietz.com/,Sachsen-Anhalt
Klostermansfeld,Gemeinde,https://de.wikipedia.org/wiki/Klostermansfeld,https://www.verwaltungsamt-helbra.de/gemeinden/klostermansfeld-2/,Sachsen-Anhalt
Klötze,Stadt,https://de.wikipedia.org/wiki/Klötze,https://www.stadt-kloetze.de/,Sachsen-Anhalt
Kretzschau,Gemeinde,https://de.wikipedia.org/wiki/Kretzschau,https://www.vgem-dzf.de/de/kretzschau.html,Sachsen-Anhalt
Kroppenstedt,Stadt,https://de.wikipedia.org/wiki/Kroppenstedt,https://www.westlicheboerde.de/B%C3%BCrger-Gemeinde/Verbandsgemeinde/Reithufenstadt-Kroppenstedt/,Sachsen-Anhalt
Kuhfelde,Gemeinde,https://de.wikipedia.org/wiki/Kuhfelde,https://www.beetzendorf-diesdorf.de/verzeichnis/visitenkarte.php?mandat=248395,Sachsen-Anhalt
Könnern,Stadt,https://de.wikipedia.org/wiki/Könnern,https://www.stadt-koennern.de/,Sachsen-Anhalt
Köthen (Anhalt),Stadt,https://de.wikipedia.org/wiki/Köthen_(Anhalt),https://www.koethen-anhalt.de/,Sachsen-Anhalt
Landsberg,Stadt,https://de.wikipedia.org/wiki/Landsberg_(Saalekreis),https://www.stadt-landsberg.de/,Sachsen-Anhalt
Lanitz-Hassel-Tal,Gemeinde,https://de.wikipedia.org/wiki/Lanitz-Hassel-Tal,https://www.vgem-finne.de/webNC/de/content/content.php?areaID=4&menuID=7&active_menu=7&vhm=&area=Gemeinden&menu=Gemeinde%20Lanitzund#727;Hasselund#727;Tal&content=,Sachsen-Anhalt
Laucha an der Unstrut,Stadt,https://de.wikipedia.org/wiki/Laucha_an_der_Unstrut,https://www.stadt-laucha.de/,Sachsen-Anhalt
Leuna,Stadt,https://de.wikipedia.org/wiki/Leuna,https://www.leuna.de/de/startseite.html,Sachsen-Anhalt
Loitsche-Heinrichsberg,Gemeinde,https://de.wikipedia.org/wiki/Loitsche-Heinrichsberg,https://www.elbe-heide.de/verzeichnis/objekt.php?mandat=80856,Sachsen-Anhalt
Lützen,Stadt,https://de.wikipedia.org/wiki/Lützen,https://www.stadt-luetzen.de/,Sachsen-Anhalt
Magdeburg,Landeshauptstadt,https://de.wikipedia.org/wiki/Magdeburg,https://www.magdeburg.de/,Sachsen-Anhalt
Mansfeld,Stadt,https://de.wikipedia.org/wiki/Mansfeld,https://www.mansfeld.eu/,Sachsen-Anhalt
Meineweh,Gemeinde,https://de.wikipedia.org/wiki/Meineweh,https://www.vgem-wethautal.de/de/meineweh.html,Sachsen-Anhalt
Merseburg,Stadt,https://de.wikipedia.org/wiki/Merseburg,https://www.merseburg.de/,Sachsen-Anhalt
Mertendorf,Gemeinde,https://de.wikipedia.org/wiki/Mertendorf_(Sachsen-Anhalt),https://www.vgem-wethautal.de/de/mertendorf.html,Sachsen-Anhalt
Molauer Land,Gemeinde,https://de.wikipedia.org/wiki/Molauer_Land,https://www.vgem-wethautal.de/de/molauer-land.html,Sachsen-Anhalt
Muldestausee,Gemeinde,https://de.wikipedia.org/wiki/Muldestausee_(Gemeinde),https://www.gemeinde-muldestausee.de/,Sachsen-Anhalt
Möckern,Stadt,https://de.wikipedia.org/wiki/Möckern,https://www.moeckern-flaeming.de/,Sachsen-Anhalt
Möser,Gemeinde,https://de.wikipedia.org/wiki/Möser,https://www.gemeinde-moeser.de/,Sachsen-Anhalt
Mücheln (Geiseltal),Stadt,https://de.wikipedia.org/wiki/Mücheln_(Geiseltal),https://www.muecheln.de/,Sachsen-Anhalt
Naumburg (Saale),Stadt,https://de.wikipedia.org/wiki/Naumburg_(Saale),https://www.naumburg.de/,Sachsen-Anhalt
Nebra (Unstrut),Stadt,https://de.wikipedia.org/wiki/Nebra_(Unstrut),https://www.stadt-nebra.de/,Sachsen-Anhalt
Nemsdorf-Göhrendorf,Gemeinde,https://de.wikipedia.org/wiki/Nemsdorf-Göhrendorf,https://www.weida-land.de/de/gemeinde-nemsdorfgoehrendorf.html,Sachsen-Anhalt
Niedere Börde,Gemeinde,https://de.wikipedia.org/wiki/Niedere_Börde,https://www.niedere-boerde.de/,Sachsen-Anhalt
Nienburg (Saale),Stadt,https://de.wikipedia.org/wiki/Nienburg_(Saale),https://www.stadt-nienburg-saale.de/,Sachsen-Anhalt
Nordharz,Gemeinde,https://de.wikipedia.org/wiki/Nordharz,https://gemeinde-nordharz.de/,Sachsen-Anhalt
Oberharz am Brocken,Stadt,https://de.wikipedia.org/wiki/Oberharz_am_Brocken,https://stadtoberharz.de/,Sachsen-Anhalt
Obhausen,Gemeinde,https://de.wikipedia.org/wiki/Obhausen,https://www.obhausen.de/,Sachsen-Anhalt
Oebisfelde-Weferlingen,Stadt,https://de.wikipedia.org/wiki/Oebisfelde-Weferlingen,https://www.stadt-oebisfelde-weferlingen.de/,Sachsen-Anhalt
Oranienbaum-Wörlitz,Stadt,https://de.wikipedia.org/wiki/Oranienbaum-Wörlitz,https://www.oranienbaum-woerlitz.de/,Sachsen-Anhalt
Oschersleben (Bode),Stadt,https://de.wikipedia.org/wiki/Oschersleben_(Bode),https://www.oscherslebenbode.de/,Sachsen-Anhalt
Osterburg (Altmark),Stadt,https://de.wikipedia.org/wiki/Osterburg_(Altmark),https://www.osterburg.de/,Sachsen-Anhalt
Osterfeld,Stadt,https://de.wikipedia.org/wiki/Osterfeld_(Sachsen-Anhalt),https://www.vgem-wethautal.de/de/osterfeld.html,Sachsen-Anhalt
Osternienburger Land,Gemeinde,https://de.wikipedia.org/wiki/Osternienburger_Land,https://www.osternienburgerland.de/,Sachsen-Anhalt
Osterwieck,Stadt,https://de.wikipedia.org/wiki/Osterwieck,https://www.stadt-osterwieck.de/,Sachsen-Anhalt
Petersberg,Gemeinde,https://de.wikipedia.org/wiki/Petersberg_(Saalekreis),https://www.gemeinde-petersberg.de/,Sachsen-Anhalt
Plötzkau,Gemeinde,https://de.wikipedia.org/wiki/Plötzkau,https://www.gemeinde-ploetzkau.de/,Sachsen-Anhalt
Quedlinburg,Stadt,https://de.wikipedia.org/wiki/Quedlinburg,https://www.quedlinburg.de/,Sachsen-Anhalt
Querfurt,Stadt,https://de.wikipedia.org/wiki/Querfurt,https://www.querfurt.de/,Sachsen-Anhalt
Raguhn-Jeßnitz,Stadt,https://de.wikipedia.org/wiki/Raguhn-Jeßnitz,https://www.raguhn-jessnitz.de/,Sachsen-Anhalt
Rochau,Gemeinde,https://de.wikipedia.org/wiki/Rochau,https://www.arneburg-goldbeck.de/leben-wohnen/staedte-und-gemeinden/rochau/,Sachsen-Anhalt
Rogätz,Gemeinde,https://de.wikipedia.org/wiki/Rogätz,https://www.rogaetz.de/,Sachsen-Anhalt
Rohrberg,Gemeinde,https://de.wikipedia.org/wiki/Rohrberg_(Altmark),https://www.beetzendorf-diesdorf.de/verzeichnis/visitenkarte.php?mandat=248392,Sachsen-Anhalt
Salzatal,Gemeinde,https://de.wikipedia.org/wiki/Salzatal,https://www.gemeinde-salzatal.de/,Sachsen-Anhalt
Salzwedel,Stadt,https://de.wikipedia.org/wiki/Salzwedel,https://www.salzwedel.de/,Sachsen-Anhalt
Sandau (Elbe),Stadt,https://de.wikipedia.org/wiki/Sandau_(Elbe),https://www.sandau.de/,Sachsen-Anhalt
Sandersdorf-Brehna,Stadt,https://de.wikipedia.org/wiki/Sandersdorf-Brehna,https://www.sandersdorf-brehna.de/,Sachsen-Anhalt
Sangerhausen,Stadt,https://de.wikipedia.org/wiki/Sangerhausen,https://sangerhausen.de/,Sachsen-Anhalt
Schkopau,Gemeinde,https://de.wikipedia.org/wiki/Schkopau,https://www.gemeinde-schkopau.de/,Sachsen-Anhalt
Schnaudertal,Gemeinde,https://de.wikipedia.org/wiki/Schnaudertal,https://www.vgem-dzf.de/de/schnaudertal.html,Sachsen-Anhalt
Schollene,Gemeinde,https://de.wikipedia.org/wiki/Schollene,http://www.schollene.de/,Sachsen-Anhalt
Schraplau,Stadt,https://de.wikipedia.org/wiki/Schraplau,http://www.stadt-schraplau.de/,Sachsen-Anhalt
Schwanebeck,Stadt,https://de.wikipedia.org/wiki/Schwanebeck,https://www.vorharz.net/de/schwanebeck.html,Sachsen-Anhalt
Schönburg,Gemeinde,https://de.wikipedia.org/wiki/Schönburg_(Saale),https://www.vgem-wethautal.de/de/schoenburg.html,Sachsen-Anhalt
Schönebeck (Elbe),Stadt,https://de.wikipedia.org/wiki/Schönebeck_(Elbe),https://www.schoenebeck.de/,Sachsen-Anhalt
Schönhausen (Elbe),Gemeinde,https://de.wikipedia.org/wiki/Schönhausen_(Elbe),https://www.schoenhausen-elbe.de/,Sachsen-Anhalt
Seegebiet Mansfelder Land,Gemeinde,https://de.wikipedia.org/wiki/Seegebiet_Mansfelder_Land,https://www.seegebiet-mansfelder-land.de/,Sachsen-Anhalt
Seehausen (Altmark),Stadt,https://de.wikipedia.org/wiki/Seehausen_(Altmark),https://www.seehausen-altmark.de/service-verwaltung/gemeinden-politik/mitgliedsgemeinden/hansestadt-seehausen-altm/,Sachsen-Anhalt
Seeland,Stadt,https://de.wikipedia.org/wiki/Seeland_(Sachsen-Anhalt),https://www.stadt-seeland.de/,Sachsen-Anhalt
Selke-Aue,Gemeinde,https://de.wikipedia.org/wiki/Selke-Aue,https://www.vorharz.net/de/selke-aue.html,Sachsen-Anhalt
Sommersdorf,Gemeinde,https://de.wikipedia.org/wiki/Sommersdorf_(Landkreis_Börde),http://www.sommersdorf.de/,Sachsen-Anhalt
Staßfurt,Stadt,https://de.wikipedia.org/wiki/Staßfurt,https://www.stassfurt.de/,Sachsen-Anhalt
Steigra,Gemeinde,https://de.wikipedia.org/wiki/Steigra,https://www.weida-land.de/de/gemeinde-steigra.html,Sachsen-Anhalt
Stendal,Stadt,https://de.wikipedia.org/wiki/Stendal,https://www.stendal.de/,Sachsen-Anhalt
Stößen,Stadt,https://de.wikipedia.org/wiki/Stößen,https://www.vgem-wethautal.de/de/stoessen.html,Sachsen-Anhalt
Südharz,Gemeinde,https://de.wikipedia.org/wiki/Südharz,https://gemeinde-suedharz.de/,Sachsen-Anhalt
Südliches Anhalt,Stadt,https://de.wikipedia.org/wiki/Südliches_Anhalt,https://www.suedliches-anhalt.de/,Sachsen-Anhalt
Sülzetal,Gemeinde,https://de.wikipedia.org/wiki/Sülzetal,https://www.gemeinde-sülzetal.de/,Sachsen-Anhalt
Tangerhütte,Stadt,https://de.wikipedia.org/wiki/Tangerhütte,https://www.tangerhuette.de/,Sachsen-Anhalt
Tangermünde,Stadt,https://de.wikipedia.org/wiki/Tangermünde,https://www.tangermuende.de/,Sachsen-Anhalt
Teuchern,Stadt,https://de.wikipedia.org/wiki/Teuchern,http://www.stadt-teuchern.de/,Sachsen-Anhalt
Teutschenthal,Gemeinde,https://de.wikipedia.org/wiki/Teutschenthal,https://www.gemeinde-teutschenthal.de/,Sachsen-Anhalt
Thale,Stadt,https://de.wikipedia.org/wiki/Thale,https://stadt.bodetal.de/,Sachsen-Anhalt
Ummendorf,Gemeinde,https://de.wikipedia.org/wiki/Ummendorf_(Börde),http://www.ummendorf-boerde.de/,Sachsen-Anhalt
Völpke,Gemeinde,https://de.wikipedia.org/wiki/Völpke,https://www.obere-aller.de/verzeichnis/objekt.php?mandat=40950,Sachsen-Anhalt
Wallhausen,Gemeinde,https://de.wikipedia.org/wiki/Wallhausen_(Helme),https://www.vwg-goldene-aue.de/verzeichnis/objekt.php?mandat=38431,Sachsen-Anhalt
Wallstawe,Gemeinde,https://de.wikipedia.org/wiki/Wallstawe,https://www.beetzendorf-diesdorf.de/verzeichnis/visitenkarte.php?mandat=248391,Sachsen-Anhalt
Wanzleben-Börde,Stadt,https://de.wikipedia.org/wiki/Wanzleben-Börde,https://www.wanzleben-boerde.de/,Sachsen-Anhalt
Wefensleben,Gemeinde,https://de.wikipedia.org/wiki/Wefensleben,http://www.gemeinde-wefensleben.de/,Sachsen-Anhalt
Wegeleben,Stadt,https://de.wikipedia.org/wiki/Wegeleben,https://www.vorharz.net/de/wegeleben.html,Sachsen-Anhalt
Weißenfels,Stadt,https://de.wikipedia.org/wiki/Weißenfels,https://www.weissenfels.de/,Sachsen-Anhalt
Werben (Elbe),Stadt,https://de.wikipedia.org/wiki/Werben_(Elbe),https://www.werben-elbe.de/,Sachsen-Anhalt
Wernigerode,Stadt,https://de.wikipedia.org/wiki/Wernigerode,https://www.wernigerode.de/,Sachsen-Anhalt
Westheide,Gemeinde,https://de.wikipedia.org/wiki/Westheide,https://www.elbe-heide.de/verzeichnis/objekt.php?mandat=80864,Sachsen-Anhalt
Wethau,Gemeinde,https://de.wikipedia.org/wiki/Wethau,https://www.gemeinde-wethau.de/,Sachsen-Anhalt
Wetterzeube,Gemeinde,https://de.wikipedia.org/wiki/Wetterzeube,https://www.vgem-dzf.de/de/wetterzeube.html,Sachsen-Anhalt
Wettin-Löbejün,Stadt,https://de.wikipedia.org/wiki/Wettin-Löbejün,https://www.stadt-wettin-loebejuen.de/,Sachsen-Anhalt
Wimmelburg,Gemeinde,https://de.wikipedia.org/wiki/Wimmelburg,http://www.wimmelburg.de/,Sachsen-Anhalt
"Wittenberg, Lutherstadt",Stadt,https://de.wikipedia.org/wiki/Lutherstadt_Wittenberg,https://www.wittenberg.de/,Sachsen-Anhalt
Wolmirsleben,Gemeinde,https://de.wikipedia.org/wiki/Wolmirsleben,https://www.egelnermulde.de/verzeichnis/objekt.php?mandat=3284,Sachsen-Anhalt
Wolmirstedt,Stadt,https://de.wikipedia.org/wiki/Wolmirstedt,https://stadtwolmirstedt.de/,Sachsen-Anhalt
Wust-Fischbeck,Gemeinde,https://de.wikipedia.org/wiki/Wust-Fischbeck,https://www.elbe-havel-land.de/verzeichnis/objekt.php?mandat=91364,Sachsen-Anhalt
Zahna-Elster,Stadt,https://de.wikipedia.org/wiki/Zahna-Elster,https://www.stadt-zahna-elster.de/,Sachsen-Anhalt
Zehrental,Gemeinde,https://de.wikipedia.org/wiki/Zehrental,https://www.seehausen-altmark.de/content-pages/verwaltung-wirtschaft/mitgliedsgemeinden/zehrental/,Sachsen-Anhalt
Zeitz,Stadt,https://de.wikipedia.org/wiki/Zeitz,https://www.zeitz.de/,Sachsen-Anhalt
Zerbst/Anhalt,Stadt,https://de.wikipedia.org/wiki/Zerbst/Anhalt,https://www.stadt-zerbst.de/,Sachsen-Anhalt
Zielitz,Gemeinde,https://de.wikipedia.org/wiki/Zielitz,https://www.zielitz.de/,Sachsen-Anhalt
Zörbig,Stadt,https://de.wikipedia.org/wiki/Zörbig,https://www.stadt-zoerbig.de/,Sachsen-Anhalt
